airport,hour,n,mean_y,mean_pred,mean_resid,median_resid,std_resid,mae,rmse,p95_abs,sse,sse_share
LIRF,20,1781,1116.8001122964627,1139.2341652544742,-22.434052958011325,-68.09526491330485,785.1034981819525,249.1916966476684,785.2036034740696,603.8174705047959,1098066108.7563305,0.04924169739225725
LIRF,14,1583,1293.795957043588,1243.1669272008676,50.62902984272042,-0.9853446154279482,499.714996631372,277.1887916053154,502.11615043233473,826.7801483488381,399106954.9550544,0.017897559852111895
LIRF,12,1868,1289.4550321199144,1262.1891738991496,27.265858220764617,-5.755915218387031,453.61251270952886,261.5318379608544,454.3100114569899,722.7706841919088,385550691.60077393,0.017289642521326344
LFPG,10,2702,1223.6794966691339,1214.4420375795823,9.237459089551587,-24.155837322833918,377.0771700233652,206.1201878553913,377.12053757412804,583.3058824169431,384278169.4222585,0.017232577512635416
LIRF,11,1422,1395.0738396624472,1359.5779403023585,35.49589936008877,-26.77260787496948,492.67911179129356,302.53778032556056,493.78332086099624,940.5260327270611,346714838.4398503,0.015548086786138176
LIRF,10,1349,1402.0578206078576,1373.205494145315,28.852326462542585,-18.861236050779553,485.16778498714524,292.20243168375686,485.84539285779505,918.4150190783379,318425711.0317849,0.014279488620498876
LIRF,16,1559,1018.4162924951892,1028.4982546527592,-10.081962157570024,-38.71115918078442,442.80600406391596,222.91570198106228,442.7787620111056,563.3924235334218,305646677.02532804,0.01370642537731763
LIRF,13,1485,1255.1824915824916,1252.7092901811486,2.473201401342706,-33.417574550830295,451.1311237649609,261.679759861601,450.98598373687116,805.0164726182361,302031710.92776346,0.013544315769125502
LIRF,8,2075,1294.4043373493976,1322.152818081376,-27.74848073197853,-53.38156261071413,369.1409652395307,249.46864977997078,370.09371853116073,734.2156620573625,284211423.0296607,0.012745182440882508
LTFM,14,2191,1069.8795070743952,1026.2929678370429,43.58653923735247,-6.678262605468035,349.91437794783445,201.97810346672887,352.5393241981955,561.5204241977162,272306189.4575098,0.012211303920938053
LTFM,5,3721,1143.9930126310132,1150.7399341866985,-6.746921555685241,-32.816114346901486,269.6843328763551,193.38069496640884,269.732487152247,539.7384469528804,270723642.0208794,0.012140336133696437
LFPG,11,2696,1138.3586795252224,1140.8595971292057,-2.5009176039830634,-32.142661673965506,315.39908530803297,200.3994488779311,315.3505030274121,554.2139081212556,268106253.59199446,0.012022961917385253
LIRF,18,1123,1102.4229741763133,1100.741681739343,1.6812924369703466,-49.263023874721284,487.0654221094367,258.8805007671687,486.8514178589469,659.2301522988322,266178292.34903276,0.011936504386866033
LFPG,9,2859,1171.5501923749562,1169.0373257189146,2.5128666560414588,-24.601556514780896,304.1150596792281,199.25304188496332,304.07225286120536,537.4605210225119,264342954.05089393,0.011854200441439896
LIRF,17,1376,1094.7013081395348,1073.346130024553,21.355178114981896,-19.832925308645542,414.69113610144035,224.61401960979967,415.09011637551697,637.3612445821761,237084531.28459293,0.010631823214290391
LIRF,21,1312,1184.1044207317073,1210.3099457944254,-26.205525062718085,-57.560701285086566,422.52900209900156,258.0986794781468,423.18011754573087,676.9199798991012,234954812.3944564,0.010536318060017435
LTFM,16,2759,1150.8281986226893,1116.7336453765408,34.094553246148486,-1.7796806733288122,288.2470231269703,203.6266107974786,290.2045317406872,595.6881577677143,232359311.19997215,0.010419925355260535
EGLL,16,2638,1484.8866565579985,1508.1918477976856,-23.305191239686934,-24.261037662133504,294.8345283215516,188.12211637714867,295.69845961816765,481.11183578143886,230660333.4562297,0.010343736365120131
LIRF,9,1628,1445.5859950859951,1412.7231850029373,32.86281008305765,13.103613933382576,371.2967230035984,250.8818969414452,372.63459238008403,740.9232359147514,226058446.2055058,0.010137369246031022
LIRF,19,1301,1101.3781706379707,1103.4927730481866,-2.1146024102157686,-33.60751356452079,416.15768814993464,228.4093987098479,416.0030942300618,682.7939569928385,225149205.30609035,0.010096595229905173
LIRF,15,1165,1055.0600858369098,1054.2564540920196,0.8036317448902207,-25.09446135599535,435.7823728752804,248.3087991638222,435.596042972597,679.4623499438612,221051658.24119306,0.00991284475166782
EGLL,15,2612,1506.1745788667688,1530.458016208302,-24.28343734153332,-26.072134600742515,289.6275911415251,189.54077771249888,290.58856132141995,513.3527209106146,220561751.66786706,0.009890875372008594
EGLL,9,2559,1469.5084017194217,1470.0664458448982,-0.5580441254763611,-3.391473681805792,293.61341473082535,191.07359644625595,293.5565707602239,502.42607307258453,220523002.74520952,0.009889137714586547
LTFM,13,2850,1160.5308771929824,1127.325483318534,33.205393874448276,11.669279984972093,273.0770416348854,202.13315256623534,275.04091252478145,528.0850831033644,215595385.15302372,0.009668163537891489
LTFM,9,2303,1059.420755536257,1043.1617017908966,16.25905374536053,-22.972919765845063,302.2014631646913,197.64541223654487,302.5730094621224,566.4374745870758,210840631.20458582,0.009454941261712875
LFPG,15,2072,994.653474903475,972.8876470361674,21.765827867307365,-12.197094760907987,316.520264129704,182.90470678590495,317.19154622413254,496.74569922209344,208464908.335828,0.009348404300360215
EGLL,14,2536,1508.1218454258676,1514.377835010513,-6.255989584645639,-16.36537234346548,283.51531921378006,187.55562355086147,283.52844245649,495.6334744061161,203864925.8010528,0.00914212259638921
LTFM,6,2246,1148.3944790739092,1150.593315526037,-2.1988364521277224,-24.61495979199225,299.7047200576167,207.83352507867497,299.64606073087833,586.8813442332522,201663312.8041036,0.009043393421427768
LTFM,12,2799,1085.9128260092891,1112.6818465896135,-26.76902058032474,-46.25635658803628,258.4408158640228,186.85814181318713,259.77754537737735,483.17207199251317,188888760.2573447,0.008470531144910151
LFPG,13,2194,1019.566545123063,1029.1390047284729,-9.572459605409986,-39.50548983505138,290.6335630343645,178.25917284149125,290.7249567218422,476.01073780386304,185439075.01125196,0.008315833394353924
LFPG,17,1708,891.4959016393443,901.15016986151,-9.654268222165742,-22.186990015024946,327.22787659336586,148.11209969946847,327.274496452923,425.52866947303795,182941482.01670247,0.008203831286770512
LFPG,14,2456,989.0272801302932,996.854195330376,-7.8269152000827935,-26.517774100290637,272.7845960515852,169.33010364727357,272.84134332736085,464.625573721472,182830531.03203508,0.008198855798711279
LTFM,23,2188,1248.8258683729434,1224.7309709612618,24.09489741168164,-16.84278911623437,287.6867933199813,202.6143372007914,288.6285310703075,595.7251987403786,182274466.53779393,0.00817391963199267
EGLL,10,2541,1428.0751672569854,1450.536501937756,-22.46133468077054,-27.687342226237206,266.2566944242217,183.50013755091615,267.1502187575571,499.1783803347905,181349237.2701972,0.00813242863318108
LTFM,17,2480,1040.0133064516128,1028.0227849480884,11.990521503524596,-22.907526014829386,268.6296037511087,179.28596731780493,268.84296362671097,508.3673418421263,179245816.94715077,0.008038102812349138
LFPG,12,2728,1083.8504398826979,1101.978962435977,-18.12852255327913,-45.48425809367603,254.81240208705444,181.19651723152333,255.4098715833065,481.3364094027425,177958904.42600468,0.007980392482860546
EGLL,12,2523,1415.4847403884264,1448.943972369485,-33.459231981058394,-38.87605419491251,263.1886095354321,175.23385141130862,265.2551784219346,457.2073561301888,177519061.32176286,0.007960668150357763
LTFM,11,2828,1081.1145685997171,1098.8317057981403,-17.71713719842313,-35.19494410519292,249.42013335393403,179.97124534355584,250.00460366154593,480.94444986088354,176756509.6373617,0.007926472268170155
EDDF,11,3020,911.5013245033113,895.8309314652508,15.670393038060446,-10.346768368877122,240.6031376696095,153.38464275148326,241.0731470806113,386.82433953728867,175511111.97491717,0.00787062363179199
LIRF,5,1099,1133.0090991810737,1088.5531151430948,44.45598403797897,8.818554435491478,397.2255100410948,199.61317513450592,399.52580153173216,582.3693656849701,175423331.83244073,0.007866687217419116
EDDF,10,2878,986.7223766504517,974.4110843404931,12.311292309958766,-14.503434137082536,242.0796365326052,162.6853761913089,242.35048193445647,434.60715877960195,169035750.0381386,0.007580242378374262
EGLL,19,2513,1381.3887783525668,1395.1782011585806,-13.789422806013983,-19.83585403988559,258.2800333084462,173.9415756547252,258.5965552611685,446.9918914425298,168049784.30146468,0.00753602771219226
EHAM,13,2672,790.6942365269462,777.5020683799034,13.19216814704269,13.564137858185745,248.81482180220536,128.46409603309044,249.11780221811966,354.97961746020644,165823463.3086671,0.007436190531396713
EGLL,13,2492,1402.8190208667736,1434.8621148418176,-32.04309397504398,-36.899901331398155,254.13796463640884,179.6810062297535,256.0994876281361,466.3430333318549,163442673.32797742,0.007329426340380547
EGLL,17,2526,1385.173792557403,1402.4545862712828,-17.280793713879614,-16.22900831893935,253.80435130163966,170.75400105922685,254.3418430509507,448.5290963798527,163406366.9176765,0.007327798215028913
EGLL,18,2503,1325.1490211745904,1342.752561352212,-17.603540177621543,-24.764329579798982,246.3110975661146,166.4342656875604,246.8902647626819,441.46064636894954,152569871.4949717,0.006841846208913566
LTFM,4,2527,1034.5381875741987,1016.6336139277006,17.9045736464982,-8.701069068306765,244.87974130938667,170.65504064737414,245.48509386874747,482.2395476880025,152284427.42478657,0.006829045749620282
EGLL,8,2314,1308.213915298185,1335.7699322555272,-27.5560169573421,-32.57922749084014,251.88703959499068,170.8249467571805,253.33573770038498,472.794044680221,148510196.7352028,0.006659794077045169
LFPG,20,2524,1010.5257527733756,1012.1900188390305,-1.6642660656550392,-24.733658823816768,240.85529999547822,160.63218428535916,240.81333321130657,435.67198040303117,146369439.1057056,0.006563793901335112
LFPG,8,2494,1046.4506816359262,1069.6370382408593,-23.186356604932882,-31.566582869656372,240.36294941703775,169.65099115019385,241.4307131441269,449.8361506195491,145372240.38770854,0.006519075503125761
LEBL,14,1811,1000.1932633903921,972.5850743506226,27.608189039769496,-9.837760640715828,276.92067868918747,166.53105218655938,278.2174156024529,532.6332823949548,140180328.85390398,0.006286249323903698
EDDF,12,2997,930.2022022022022,927.6020886052214,2.600113596980769,-20.70865367165652,215.1939340716487,148.27928286785686,215.1737397018245,379.9835449399546,138760315.55703378,0.006222570220705932
LTFM,18,2280,1026.697807017544,1024.1422316414728,2.555575376071175,-20.29008899243661,244.50009603907213,167.58105117707782,244.4598300337413,449.1515846155099,136254187.38028657,0.0061101853612502794
LTFM,7,1295,1068.6347490347491,1054.7249906053696,13.909758429379346,-25.31625884229743,321.99857964293693,208.2925619577691,322.1746459811911,554.3434475301465,134416470.75447202,0.0060277747620527755
LIRF,4,815,1125.2981595092024,1128.3708062007372,-3.0726466915347657,-5.253708865211252,403.79049461583764,229.83144660971394,403.5543920231999,813.9287318570098,132727760.06678982,0.005952046187968927
LEMD,14,2982,1016.2997987927565,1040.9058684300435,-24.606069637286907,-41.388668126566756,209.03513905065955,149.436560576938,210.4435669538167,393.2520688035355,132062327.7090362,0.005922205526706162
EHAM,12,2720,813.8202205882353,812.4741301105149,1.3460904777202707,-0.9611372965385385,219.66513377360124,126.89485052930748,219.6288755287238,378.55848393233623,131204212.86755168,0.005883724208491138
LEBL,12,1531,994.5623775310255,980.0016185012418,14.56075902978377,-26.862086370857696,290.0338680374802,174.19207948980784,290.30452298182416,543.055310600556,129027652.29353157,0.0057861184848583365
EDDF,9,2732,939.0702781844802,937.242324891775,1.8279532927054665,-24.97219864882493,217.1940032700232,146.23267409501236,217.1619431350236,387.89745848851555,128839233.68016163,0.005777669036989356
EGLL,11,2462,1402.864337936637,1421.625965503709,-18.761627567072104,-27.94768747118883,227.7962176731134,168.0423026826936,228.52141834158627,460.20540302879976,128570659.13377339,0.0057656250749409405
LIRF,7,1408,1047.2947443181818,1084.3077033346742,-37.01295901649221,-47.77199194353864,296.50746213995484,204.92443727795987,298.70419049528994,581.5383019313912,125627664.3345806,0.005633649360388588
LFPG,22,586,1155.3105802047783,1160.1776585688492,-4.8670783640708155,-37.54603186475674,463.2228071448205,214.07144450280168,462.85298739357427,647.4347809299668,125540472.33234556,0.005629739320587846
LSZH,12,1808,907.5392699115044,864.2255104694013,43.31375944210305,18.236625097002616,259.7208709654049,185.47068311354428,263.2369720021999,482.45673780910136,125283015.79942764,0.005618193934946209
LEMD,15,2879,996.5335185828412,1005.985970659271,-9.452452076429644,-23.80187872727106,204.10451579109895,143.6999706264048,204.2878664584156,385.96586448370033,120150839.72815645,0.005388046533938134
LTFM,10,2389,990.0707408957722,1025.6280397342339,-35.55729883846172,-50.5522543647437,221.23009450673015,166.33588520809434,224.02363603925843,428.20906618873033,119895762.32565358,0.00537660783806592
EDDF,15,2078,807.6183830606352,813.2641274500833,-5.645744389448041,-35.01189290759453,238.73018011006184,127.74737685030495,238.7394959071307,331.9491208670038,118438824.47064903,0.005311272889283361
LFPG,16,1612,922.1805210918114,924.4575176461053,-2.2769965542938944,-23.060612743320405,268.50165045522544,155.3463681870074,268.42801310821136,456.77853093824046,116150400.33261001,0.005208650753865592
EHAM,10,2627,847.347164065474,837.6837202094233,9.663443856050689,4.353053104524406,209.7537186184995,134.49888751195584,209.93631597137949,409.86431008553376,115780445.51806885,0.005192060493150709
EGLL,7,2137,1211.1853065044454,1235.6563249313372,-24.471018426891593,-27.55929261355618,231.13326956684364,155.87934598050157,232.37129808143874,410.5749460311324,115390349.90767695,0.005174567038204975
LFPG,7,1848,1057.5113636363637,1052.5976509494358,4.913712686927891,-22.493367449332197,249.74093361928826,161.4556861876336,249.72170151687448,438.3592475388093,115242995.3292765,0.0051679590666984365
EDDF,20,3079,911.6187073725235,905.6449693681296,5.973738004393828,-10.921588157179144,192.53990628340614,138.62779983402683,192.60130038352946,385.46206326049656,114216308.34012434,0.005121918295898527
LTFM,15,2307,951.5361941915908,971.5399873854974,-20.00379319390666,-32.42799895853568,219.1085539592381,154.19589499479244,219.97249875522982,410.15372267750746,111630885.78128539,0.005005977557669519
EHAM,11,2680,830.6130597014925,830.6007783310203,0.012281370472245685,-0.30474631833311605,203.92173052069916,130.45639815599515,203.88368224197333,389.96163823843034,111403729.77058315,0.004995790969220395
LFPG,21,1325,1104.468679245283,1118.1907198170716,-13.722040571788488,-29.279173105027894,286.2389374323687,187.81459449048725,286.45974879160644,578.9641732640216,108728423.67301911,0.004875819491877274
EGLL,20,2254,1321.8735581188998,1338.0023413461083,-16.12878322720843,-23.62324044113865,216.91754852385694,159.98913282050916,217.4683541906184,416.7112420835971,106597261.35764408,0.004780249608615566
LEBL,10,1818,992.4873487348735,979.7860691182616,12.70127961661192,-11.408974889135493,241.13992339420062,155.52798868756594,241.4079541057316,420.01450654666235,105949040.95542629,0.004751180800613062
LEBL,11,1901,983.4350341925302,972.7477817689675,10.687252423562818,-21.95460835525205,233.57951777464092,153.8115182291161,233.76250367550543,412.3219954222702,103879970.34494194,0.00465839535894227
EHAM,9,2847,883.2202318229715,855.8942737276781,27.325958095293586,17.912699278845935,188.8300981777558,131.02637127762662,190.7642252104281,353.56949348549665,103605147.44852415,0.0046460711957667065
LFPG,19,2198,928.5090991810737,948.6234490368704,-20.1143498557966,-31.320859805416433,214.54000355566936,138.95774787810754,215.43226222520335,365.75366577146013,102011509.01721635,0.004574606043749577
LEMD,11,2500,1067.092,1068.0416785870514,-0.9496785870513275,-19.21072180566108,201.2869593412222,142.9101231824658,201.24893866615346,376.536482178622,101252838.28563301,0.004540584199083684
EDDM,10,2566,843.3698363211224,827.0627205798265,16.307115741295767,-5.307120308616106,196.88324767905354,134.2905719340259,197.51918601500566,375.35828525709076,100109484.81378204,0.0044893116343224975
LTFM,19,1579,1060.5440151994933,1089.8851170884677,-29.341101888974443,-40.78710096817633,249.06786564554494,179.06568612399428,250.71181575491167,501.92806225382225,99250278.58885802,0.004450781374087828
LEBL,15,1471,977.7518694765465,963.8350813921255,13.916788084421134,-24.576880416657445,255.0414000917174,164.99457751063352,255.3342393294063,485.42272072783106,95902689.02144593,0.004300662004081334
EGLL,21,1964,1352.4623217922606,1372.9202957890775,-20.457973996816666,-20.90231468421166,219.88485223797665,164.54011579868626,220.77875610970773,428.600780445016,95731760.96932301,0.004292996903272405
LIRF,23,89,1432.8988764044943,1304.2968477044276,128.60202870006697,-27.639151374789662,1027.7970398682949,469.5594940932567,1030.0659918490462,1280.1931295075212,94432199.3331924,0.004234719336631715
EHAM,8,3160,803.2354430379747,792.4789323850667,10.75651065290788,4.508255009039658,172.30099696057877,115.83769577053918,172.60921543848895,332.53980883190445,94148854.36355858,0.004222013009443338
LEBL,17,1605,935.5906542056075,915.4915107564301,20.099143449177305,-10.642081779107002,239.84494807641715,147.79543464221894,240.61116597197315,426.3348972494065,92919441.77057981,0.004166881207823254
LEBL,9,1815,1029.5035812672177,1030.187123817255,-0.6835425500372918,-19.69713630808087,222.5455980606488,150.58206228323897,222.48533231418944,412.8262036602033,89841997.41734388,0.004028876234921225
EHAM,20,2985,817.5417085427135,818.1978068881217,-0.656098345408249,-8.325347724868607,172.92809590378022,118.9898448190534,172.90037213714814,353.7903580338524,89235197.97521548,0.004001664909238002
LTFM,8,1405,1017.9779359430605,1018.5043815611372,-0.5264456180765447,-22.13511827682032,251.4020061362043,172.71052661894467,251.3130746995569,490.3254073654835,88737357.42849782,0.003979339738325632
LEBL,19,1716,996.6486013986014,979.1505840219254,17.498017376675925,-12.515234740075016,225.78264694997026,149.7416887973502,226.39407441683844,454.1477300056305,87952339.21369378,0.003944136366622837
LEBL,6,1869,907.1685393258427,896.0271670412392,11.141372284603587,-8.681703196833382,216.0738544268396,129.87955457254483,216.30316823335878,331.0538365695333,87445016.2385771,0.003921385965511624
EDDM,14,2363,805.972915785019,789.0504834470587,16.92243233796033,-4.911617317155333,191.16297828979228,134.22117426594744,191.87023792395027,363.27404343342835,86991926.71894713,0.0039010676105061207
EGLL,22,1025,1313.4214634146342,1341.9287215076881,-28.507258093054038,-9.427361291921216,289.9262544356318,202.60331190458925,291.1836013900208,563.3886261116565,86907586.96142408,0.003897285476821301
EDDF,13,1973,931.6994424733908,920.3208164138936,11.378626059497336,-14.381916565455754,209.1786089226813,143.31905217832445,209.4349214527092,410.61182171680514,86541672.0170596,0.0038808763801211872
EDDF,14,1748,862.8770022883295,857.8391942320587,5.037808056270706,-15.639410883998323,220.89380830664896,124.33561024141606,220.88807081401126,337.31382998333515,85287611.61923152,0.003824639271873302
EHAM,7,2116,787.0420604914934,793.3906185030002,-6.348558011506843,-14.876528638010825,198.69948246413432,115.85516158124285,198.75394329137177,360.7307950560287,83588623.02470854,0.003748449795140292
EDDF,8,2526,804.3159144893111,804.494798422833,-0.1788839335218749,-18.397887702561775,181.3850411320345,125.62390819551344,181.34922219335056,339.3532036496149,83073927.02547655,0.003725368757995914
LEMD,10,2385,1004.1412997903564,1011.549008049539,-7.407708259182631,-19.045310502000348,185.99485848393405,138.17539376197698,186.10334942088102,352.3731098464846,82603179.14762422,0.0037042585312396167
EDDF,16,1802,815.173140954495,811.9756384132814,3.1975025412135016,-16.647547221149665,213.04269793528974,122.38380058296512,213.00757743692304,310.02515806310555,81760754.93807527,0.0036664808440204895
LEBL,13,1409,952.7047551454932,947.1982699488118,5.506485196681446,-26.290467185880743,240.63754192963816,154.72749002615097,240.61515004322194,487.1977945201671,81574971.456324,0.0036581495660437586
EHAM,14,2525,804.1734653465346,802.5646838811184,1.6087814654163677,10.842740110353247,178.21604441492835,125.56924362417509,178.18801325366033,349.18424949348093,80171194.36989874,0.003595198559774903
LIRF,6,1027,939.6923076923077,949.9268823170258,-10.234574624718121,-12.857567863705299,278.1091352794467,173.9516272625172,278.16205053392395,480.8679749405751,79463227.76888266,0.003563450492101143
LEMD,7,1729,1080.604973973395,1050.270762175782,30.334211797613005,-5.519875009440284,209.7625476777806,140.98564443836975,211.88450247457138,427.08146803434937,77623528.2904023,0.0034809509738211136
LEMD,12,1625,1068.801846153846,1084.7188448704117,-15.916998716565447,-35.29170408607956,217.56355257373858,145.91875812877845,218.0782467445272,397.55670351392826,77281947.7676462,0.003465633130384806
LFPG,18,1822,910.3518111964873,911.9066222536753,-1.5548110571878653,-10.271017044936286,205.40238211525997,133.03904586097673,205.35189326451535,343.40882883365003,76832646.9226587,0.0034454846747767756
LEMD,6,1998,995.511011011011,984.9393593113947,10.571651699616393,-9.509272896631728,195.2259014795356,133.91752366187723,195.46313405908322,390.9862280361581,76335261.87884587,0.003423179930445302
LEBL,16,1458,892.1111111111111,906.1880974234414,-14.07698631233042,-30.454317625036254,227.11901488422313,142.51652686838477,227.4770958728394,426.3750475845361,75445418.89594835,0.003383275794855423
EDDM,9,2069,837.9574673755437,824.6753101930568,13.282157182486934,-7.955125635537513,189.24065912885305,134.0083896146022,189.66057552640726,368.03904902886075,74424276.05773763,0.0033374836460654082
LIRF,22,330,1255.2545454545455,1297.2706603663385,-42.01611491179307,-64.35085150636127,472.0245131555397,294.68417165616216,473.17789654357273,819.1647685394444,73886116.186542,0.003313350394601992
EDDM,8,1528,891.1924083769634,844.4087056930915,46.78370268387195,18.92523823627789,212.95866980420854,142.1361357154143,217.9688731200666,410.0850641667598,72595936.50402603,0.0032554935524670087
LSZH,10,1417,734.4805928016938,752.6862336513602,-18.205640849666434,-41.34389345779164,225.01808546095307,136.74603501016048,225.67421543409827,346.6626074589209,72166182.59221464,0.003236221659900793
LEMD,13,1780,1078.3803370786518,1094.6234439490345,-16.243106870382743,-38.05464011789803,200.5709073336267,143.00496840737915,201.17138713652125,355.2486959786199,72036470.06432915,0.0032304048288419084
EDDM,7,1798,857.9377085650723,818.6258073261728,39.31190123889941,10.46827934067403,192.7540997460438,132.82510964288565,196.6695309325241,376.5607992086193,69544670.10619986,0.0031186625042935144
LTFM,22,1737,972.9666090961427,988.9455588968899,-15.978949800747094,-29.659631370599755,198.94513612217392,146.01228248216728,199.52871494976293,390.9334049012479,69152936.951468,0.003101095615278364
EDDF,21,1001,923.3806193806194,914.6722730444878,8.708346336131582,-26.85058090062057,262.7480294444591,174.81321159592144,262.76109817368103,511.2469241843962,69112438.10815227,0.0030992794843811558
LEBL,5,1759,847.4303581580443,845.088348040258,2.3420101177864328,-14.286650418603813,197.5740432479412,132.9602400877752,197.53175872474748,376.84064169772347,68634061.64490476,0.0030778271611968154
LSZH,16,1687,728.669828097214,710.655877651217,18.013950445997093,-10.718301268259665,200.76183733460147,135.03349006454673,201.50912145683105,360.05153392659054,68502197.21312267,0.0030719138301188074
EHAM,15,2715,730.9506445672191,739.0698327519844,-8.119188184765308,-5.187974834295744,157.6004666163795,108.02408638031883,157.78048007939142,319.5355301006728,67589055.91243598,0.003030964904324428
LFPG,6,1364,986.5373900293255,965.4409464200359,21.096443609289647,-6.327356160304873,219.35315122312687,145.82586030640238,220.28524546062835,429.5934534839816,66188903.897473626,0.00296817646082896
EDDM,21,894,1022.2125279642058,944.5833713716858,77.62915659252003,30.94829488172826,260.884078177737,187.58300335002974,272.0489990501738,532.7372731719878,66165528.14847611,0.0029671281982978845
EDDM,18,1414,797.8628005657708,774.3821921513309,23.48060841444002,9.764178818328702,213.79089642666258,123.3922808020007,215.0013071483152,313.53406858341737,65362944.774734624,0.002931137134274794
EDDM,11,1593,911.6660389202763,895.7153214058271,15.950717514449023,-3.6783114201903118,201.51628554957492,143.4081859646994,202.08351415918992,399.7714410632705,65054530.48501953,0.0029173065980215625
EGLL,6,1534,1079.3409387222946,1106.440696071715,-27.099757349420145,-39.38594807942388,202.76563692300834,143.9322599290832,204.50305279578063,380.47413514388467,64154178.85668574,0.002876931212536574
LEBL,20,1346,976.3046062407133,984.3190247845403,-8.014418543827116,-29.523137291855505,217.4924396362962,143.5636059277587,217.5592996046836,405.0565883438305,63708937.74467073,0.0028569648116709037
LEBL,8,1493,987.0629604822504,1017.1259207478272,-30.0629602655767,-37.86826081841832,204.15393921584808,139.63311353257535,206.28789667497958,417.43339646741697,63534161.59767846,0.002849127146822723
LTFM,0,514,1089.1964980544747,1093.397064634623,-4.200566580147942,-52.214292095756264,351.61429186045797,226.51358207345663,351.2972027073484,816.8576988895563,63432598.459824026,0.0028445726475438953
LEBL,21,961,1022.5098855359001,1020.8278986650726,1.6819868708275696,-21.770064271574256,255.96921834148046,184.24027113329808,255.84153413283983,531.3954694117156,62902149.85453469,0.0028207852002349295
EDDF,18,1416,867.3877118644068,863.3147908092575,4.0729210551492665,-13.416040295585105,209.91247054693216,119.71050244653165,209.87785939912015,299.45528576348335,62372981.66619489,0.002797055171967916
LEBL,18,1554,904.2644787644788,913.243157296854,-8.978678532375131,-30.206620399288965,199.68581828635013,132.56489975379918,199.82338069923364,386.2621050620879,62050261.91870612,0.0027825831214951567
EHAM,6,1915,781.7514360313315,772.3212839767037,9.430152054627838,2.2669108614468314,177.64348680795456,117.00922392719055,177.84728621224045,367.98975428166153,60570793.56300715,0.0027162378145124465
LFPG,5,1155,908.3177489177489,895.2244002868503,13.093348630898614,-15.416650235408952,228.54115257243143,146.6112643851462,228.81711584124264,452.88520725639444,60472649.73969988,0.0027118366510399763
LEMD,9,2168,1017.1240774907749,1033.743165994892,-16.619088504117254,-25.19415634609902,165.0986196800559,119.5640901180977,165.89507421969043,307.377401450936,59665908.809973106,0.0026756591454974847
LSZH,15,1235,669.5271255060728,680.0986085006726,-10.571482994599682,-30.971397743482612,219.51156629311652,116.23907131403871,219.67718936989513,297.0137062917215,59598713.39887911,0.002672645833208859
LEBL,7,1298,986.9537750385208,984.2067847014039,2.746990337116786,-8.215944985404292,213.8831932466576,136.6008477568493,213.81843428983134,382.0703616248512,59342383.049117096,0.0026611509501460093
EDDM,12,1056,899.405303030303,886.8814571843058,12.523845845997249,-7.872105094088738,236.7764860875576,148.41333059281655,236.99548733635189,488.17772455671206,59312205.23479144,0.002659797655668442
EDDM,20,1801,839.8534147695725,814.124088143449,25.729326626123537,4.180349049836764,178.7715157716534,127.41944296011029,180.56441459167647,370.19863408389074,58718917.57811953,0.002633192252748314
LSZH,11,1960,779.7627551020408,795.9700832990038,-16.207328196963164,-25.93910710187106,171.63282941820404,129.43625072241724,172.35276649138055,325.4619233402379,58222733.18977541,0.0026109413506334345
LEMD,5,1849,981.8777717685235,974.8464723607062,7.031299407817376,-13.197258567314634,177.30594093486096,125.71357194136554,177.3973886061568,358.5583467520417,58187722.112440765,0.0026093713132178896
EHAM,16,2092,769.1080305927343,778.1051672103035,-8.997136617569305,-4.7107830495097005,166.13822137722423,114.11779337140999,166.3420062423624,328.72902686338585,57884935.0812158,0.002595793125851041
EDDF,19,2260,867.766814159292,872.4905232140505,-4.723709054758399,-13.642300961720025,159.465543916729,114.15818173873686,159.50022331981452,301.47325942235295,57495126.00029978,0.0025783125200385545
EDDM,13,1743,791.4452094090649,787.3382502552006,4.106959153864267,-15.102214897385068,180.8947045542298,125.42886360652801,180.88943406687886,331.48222740607923,57032680.96331326,0.002557574626035403
LFPG,3,643,1172.2721617418351,1171.416412089041,0.8557496527942934,-1.620292084922994,296.57131702671785,213.0775830783698,296.3418475425302,588.6236482299332,56467289.4589637,0.0025322201986987224
EHAM,19,2765,774.4444846292947,772.3908190458276,2.0536655834672732,3.3773053141608216,142.89437312664631,104.00288044231255,142.88329039854634,291.7624004088608,56449229.876693875,0.0025314103344491385
LEMD,8,1724,1036.1305104408352,1036.0855207743218,0.04498966651342413,-13.5023410853168,177.15225424224434,126.12451496482254,177.10087424010257,351.890007428961,54072776.68799327,0.002424840622615124
LSZH,13,948,723.0833333333334,716.5620753914196,6.521257941913684,-10.903236077183635,238.66445743242903,144.44225573618237,238.62767001243185,399.0304320663417,53982120.32099284,0.0024207752267751846
EDDM,6,1579,784.3020899303357,757.2950110615774,27.0070788687582,-4.160480388304222,181.8995893678502,126.18550488343296,183.83658022272,391.9713119403273,53363707.51198763,0.0023930431110476347
LEMD,16,1649,968.2813826561553,990.9693562853398,-22.68797362918454,-26.562787302256083,176.7163595757269,127.76821101311937,178.11366579752197,361.15174293934245,52313664.12937789,0.00234595494569685
LSZH,9,1379,826.3437273386512,806.9055306958912,19.438196642759916,-5.637412361036354,192.46142757704527,140.61982530251,193.371103151886,375.9349323688561,51564096.893630534,0.002312341338370761
LTFM,20,655,1020.0656488549619,1056.3819394622756,-36.3162906073136,-57.57790827116082,278.08827398185775,191.28443097432282,280.2389967622009,563.2343767438526,51439701.42561658,0.0023067629456455276
LFPG,2,697,1243.3041606886657,1208.6592983396472,34.64486234901849,20.222910789234902,268.1044918935833,183.7029027989763,270.1428461831827,506.05971855443335,50865078.66873364,0.002280994551845284
LTFM,3,1246,892.0842696629213,879.633417467062,12.450852195859321,-7.355600933013932,200.83585345422821,141.35943270194502,201.14097576544998,383.4898512150604,50410284.39631915,0.0022605997488736027
LSZH,6,1435,770.3317073170732,763.2572864546811,7.074420862392021,-3.280825624547674,186.31929448850246,128.94835820965224,186.38866750844574,351.23944034903815,49852955.26394859,0.002235606870698751
LSZH,8,1426,771.3260869565217,764.0479956440203,7.27809131250159,-12.443026756182746,182.89623179562392,136.1723035426973,182.97689545886553,372.47066610256985,47743256.131536335,0.0021409994828206096
EDDF,7,1895,774.2311345646438,780.6210190191605,-6.389884454516613,-17.106136172532047,156.78729277326767,106.34805674574169,156.8761091823515,288.89195843068535,46636165.333005875,0.00209135308206908
LSZH,14,944,682.0572033898305,695.5308045331794,-13.473601143348988,-28.68300978562604,217.6759412140755,123.65351417492421,217.9774292233944,311.3690957823716,44853366.71039288,0.002011405226847985
LSZH,19,1049,702.2078169685415,700.8326719083093,1.3751450602322006,-17.207212848023687,206.53663883757375,110.04915427530179,206.44275089876513,284.36046392276916,44706921.25918342,0.0020048380242584287
LFPG,4,530,1000.5830188679246,1031.5216734760832,-30.93865460815867,-26.67388022754926,288.72048838871024,178.79318205675594,290.10246233078914,594.6330802578062,44604502.484705076,0.0020002451547946215
LSZH,7,1150,753.2382608695652,741.5945419819936,11.643718887571579,-12.235972411497016,195.14419590591208,127.70817111662602,195.40654863285883,412.12885678033655,43911277.1358967,0.0019691581441142482
EDDM,15,1412,786.3533994334277,790.5833455938345,-4.229946160406551,-9.52211880091619,173.47643510157747,120.02237179784385,173.46657573386085,337.29304647748455,42488001.89032577,0.001905332762027124
LIRF,3,265,1154.132075471698,1197.9789625807225,-43.84688710902468,-35.739706883431836,391.34328044140443,248.81276022807523,393.05748914884265,889.2897990975293,40940960.29063803,0.0018359571992102937
LSZH,20,1110,794.2225225225225,776.4440151078858,17.778507414636856,-6.243630120114176,185.42633725022895,127.31409857709298,186.19351831475504,374.26691424392044,38481509.15129399,0.0017256655257045994
EHAM,5,1582,701.9589127686473,712.02351607075,-10.064603302102709,-8.514544992978017,155.2578798509847,106.38912358115869,155.53478211603166,336.0791178573682,38270270.28454845,0.0017161927259607402
LEMD,22,805,1079.1453416149068,1066.4984327474285,12.646908867478414,-2.41694325184244,217.40883426957552,143.9970631704279,217.64151545041338,403.7795002307209,38131102.544279784,0.001709951885178544
EDDM,17,1301,745.0676402767102,728.616168001479,16.45147227523126,2.396719013388406,169.9928511780722,111.7390461717987,170.7220213625212,297.7820532880073,37918957.16011479,0.001700438433550346
EDDM,19,1088,792.4347426470588,778.161774307554,14.272968339504779,-8.065201651707014,184.01935122245308,125.03642828893801,184.48770977190767,389.4303265650184,37030857.9818894,0.001660612497170234
LEMD,18,2030,936.5733990147784,960.4926831201254,-23.919284105347174,-28.9210762987351,132.92819069575083,101.43443229314474,135.03085442819955,267.02760350241164,37013663.24464752,0.0016598414160474745
LSZH,17,1331,745.5807663410969,741.0741347019442,4.50663163915272,-8.616821450446537,166.69032147140948,123.39568742081465,166.6886235497298,318.38408042358964,36981964.40102261,0.0016584199125031843
LEMD,19,1694,954.4451003541913,986.6449688390231,-32.19986848483191,-37.72552913912949,143.5219081322685,109.69693670868271,147.0483251881522,287.61697939306083,36629717.63944511,0.001642623752051017
EDDF,17,1037,852.3857280617165,843.6630277889868,8.722700272729673,-4.318400296844857,184.21776522187653,110.55635499053986,184.33541487248874,285.8613339702564,35236788.34773241,0.0015801592044938455
LTFM,2,403,989.8560794044665,998.6224160544824,-8.766336650016052,-47.92068427910908,295.5702441779138,209.20071628800116,295.33343752091895,552.7769216899885,35150401.245122775,0.0015762852596271605
LTFM,1,549,953.2003642987249,938.3578640716297,14.842500227095217,-1.3219770831423148,250.58497748740274,183.93819550599994,250.79624003184443,509.14735279563587,34531415.953746684,0.0015485274714893212
EDDF,6,1524,776.2257217847769,782.4866918843446,-6.260970099567726,-16.605658559368266,150.05632334628532,98.63408231076623,150.137686987347,260.04694358566553,34352979.38215973,0.001540525658491242
EHAM,17,1314,804.79299847793,813.3224260545534,-8.52942757662329,-3.2721085058274753,161.1826930566563,110.63883657994792,161.34695563417554,332.2732930216491,34207151.881435424,0.0015339861672849535
LEBL,4,912,823.3925438596491,835.9510094470558,-12.558465587406596,-27.474128031451812,190.15488662595067,136.78811182653632,190.46508359777147,389.2100753409754,33084576.639754336,0.0014836453818713072
EHAM,18,1569,765.7431485022307,758.4133189012216,7.329829601009135,3.0479732962379558,144.88803055746166,100.41269800703982,145.02719825365622,300.8773465069741,33000601.63805603,0.0014798796053036051
LEMD,21,937,998.4557097118463,1025.274710518067,-26.819000806220615,-39.447285846069235,184.51417300155956,130.28661679885266,186.3555856033174,364.5480917547865,32540514.81556537,0.0014592474631160005
EHAM,21,866,867.4480369515012,862.1089903593564,5.3390465921447685,-9.89422049612216,193.07826856712163,130.93342585497817,193.04060613194017,437.86782673827764,32271209.083271414,0.0014471707117529712
LTFM,21,631,899.0079239302694,911.6759580799065,-12.668034149637078,-32.94860227983304,224.44613996062546,162.63137985687044,224.62571878496584,455.86354811774544,31838186.243527077,0.0014277522273205754
LEBL,22,370,986.9108108108109,1040.0214063206738,-53.11059550986301,-57.30082899014849,285.1105569491691,198.28806279177158,289.63609523288653,539.6546217976564,31038955.03484888,0.001391911487851115
LEMD,20,1346,972.3038632986627,995.6860862490838,-23.382222950421077,-38.25972094669993,150.05855711687806,114.40417424890069,151.81426041072362,319.36138310259946,31022028.76781803,0.001391152446011587
LEMD,17,1328,962.1792168674699,983.2449762219344,-21.06575935446455,-27.107940153330276,150.41667278869625,109.35773327758672,151.82853697606876,310.4098880740949,30612929.362309735,0.0013728067845174827
EDDM,5,816,799.2254901960785,777.5655770423552,21.659913153723178,4.139383793525724,176.01592497842302,115.01759581082834,177.23653694882898,335.0026464479905,25632836.66416471,0.0011494794131762503
LSZH,22,112,1255.794642857143,1217.9674782586535,37.827164598489375,-13.370510243652518,478.56606795137435,242.077977270121,477.9241628191731,462.6191921419997,25582088.60551764,0.0011472036662724743
LEMD,23,587,1010.2964224872231,1023.5230460736656,-13.226623586442336,-34.402340573026095,206.31964595614437,147.91613561753798,206.56771852931988,395.9104101528,25047420.512645684,0.0011232270001823833
EDDM,22,133,1399.8496240601503,1295.9629261397877,103.88669792036288,72.97337044278993,409.41463779359606,284.95801674959563,420.89486608152396,876.1342285246479,23561280.943073273,0.0010565825291582954
LSZH,5,1172,703.8319112627986,714.7215385216973,-10.889627258898729,-18.737010359362557,141.18842233001772,108.8986189720755,141.54768067294785,278.37095217742433,23481894.199360035,0.0010530225085186352
EDDM,16,948,719.6677215189874,719.4657984998665,0.20192301912081823,-6.486203721832737,156.35939521169794,111.56873930178293,156.2770358676518,315.25079974379395,23152541.3187212,0.0010382530016971798
LSZH,18,769,690.9427828348505,684.0146706181733,6.928112216677023,-12.881234332081021,171.01590868339284,109.88600821711,171.0450466363435,296.97480724089326,22498177.73571944,0.001008908708779169
LEMD,0,156,1049.378205128205,1006.2286833832995,43.149521744905705,-2.6853243176356045,368.5698427467849,186.39373334726326,369.9119044782166,382.1695273609628,21346231.463653393,0.0009572508083222827
EDDF,5,1342,720.3830104321908,732.2670362189615,-11.884025786770666,-22.859380378230753,125.07214578913462,95.32803795616088,125.58907280213631,247.51448616125882,21166849.608196996,0.0009492066049964467
LFPG,23,225,1232.4488888888889,1232.2133381911815,0.23555069770748457,-10.414902949608859,303.0885939049126,205.1527612561575,302.41440539694383,504.079435760609,20577256.33310709,0.0009227668729939999
LFPG,0,132,1083.560606060606,1140.1460355422394,-56.58542948163339,-19.605136361661152,367.7101842638334,260.03149565229353,370.6593670110045,837.2041078579147,18135264.358595807,0.0008132581386069618
EGLL,5,536,1015.6212686567164,1051.638117455211,-36.01684879849444,-38.10457685766937,173.8873470344216,134.96433030140167,177.41930813216948,323.3469530965071,16871999.441380367,0.0007566082627172201
LSZH,21,385,799.0909090909091,804.1973205609038,-5.106411469994797,-31.698189690998106,204.08730157532935,135.17953416836227,203.88603694004266,357.2731139876543,16004263.682759829,0.0007176955039118073
LEMD,4,631,910.3438985736925,915.7684715829268,-5.424573009234387,-10.659473628718729,149.18742393560152,105.40289707010824,149.16782846184728,279.3582888823607,14040406.901302572,0.0006296282731839808
EHAM,4,470,711.9872340425532,723.8928543279746,-11.90562028542141,5.908421913017548,151.69885186625197,104.96964380078829,152.00435058684732,322.10256613744343,10859501.62074472,0.0004869836964962751
EDDM,4,739,739.5358592692828,746.5695692276606,-7.0337099583777425,-10.005790551958171,120.73203307232959,95.64786204819356,120.85517213349306,242.10332609208368,10793813.7746166,0.00048403798947955134
EDDF,3,427,883.1288056206089,891.8633320574339,-8.734526436824979,-17.66247298664166,154.39913976633753,114.57145678129916,154.46539111355332,305.9784209282161,10188030.861145502,0.0004568722490267029
LSZH,4,504,702.5138888888889,707.1654213348554,-4.651532445966526,-21.229722135234624,128.2634554298874,94.97729590359356,128.22054772951097,248.39601230433445,8286016.465468122,0.000371578279418862
EHAM,22,156,963.1666666666666,941.5182769801755,21.64838968649099,7.524964902212332,211.75433648216114,135.0415647635774,212.18180069199312,436.43694839186696,7023294.1810038835,0.0003149527373624996
EDDF,4,493,737.8904665314402,751.710059226833,-13.819592695392812,-17.182612129440088,113.02264904699005,83.21849107495751,113.75055757040673,232.50038029299193,6379020.3483561585,0.0002860609094005921
LEBL,23,99,922.4747474747475,1029.3095608073118,-106.83481333256434,-113.18799280737278,198.5206860488442,179.74332435797314,224.5574640184276,420.72033324188146,4992179.409992352,0.00022386938807638848
EHAM,3,302,724.3874172185431,715.9220519324326,8.46536528611053,13.719501509076906,127.78040856060949,95.65208994168928,127.84924540168758,264.18525733318796,4936319.724033842,0.00022136441526057974
LFPG,1,162,995.104938271605,1004.4981877101081,-9.39324943850329,-5.663004629249315,168.05702746186242,117.72227462989426,167.80064687853218,368.3878741784854,4561443.249042325,0.00020455344751118287
LEBL,3,167,658.9640718562874,681.3801811998495,-22.41610934356208,-11.489475909479552,144.62353456389087,107.92605295683195,145.92190856062948,315.12875815981965,3555964.967462111,0.00015946376039558982
LEMD,2,86,901.7209302325581,981.6906175359684,-79.96968730341018,-92.787079428173,149.9160042955762,132.39356167477652,169.14084146241203,315.3912106460652,2460341.685552701,0.00011033160917675376
LEMD,3,82,923.609756097561,958.9730175997418,-35.363261502180656,-16.877927115426644,125.90885739912622,98.17113989203888,130.03949736520983,298.1826326224125,1386642.211749706,6.218260962415454e-05
