variant,feature,gain,family
E19-0,aobt_eobt,63889027104.0,baseline
E19-0,STAND_mvt,61291345820.0,baseline
E19-0,mvt_aobt,53537917666.0,baseline
E19-0,mvt_sched,53049740302.0,baseline
E19-0,AIRCRAFT_OPERATOR_flt,46893290284.0,baseline
E19-0,RUNWAY_mvt,45353727866.0,baseline
E19-0,ADES_mvt,36157363850.0,baseline
E19-0,airport,19967787562.0,baseline
E19-0,dis_state_30m,14605069374.0,e16a
E19-0,geo_mean,12769552418.0,baseline
E19-0,roll10_mean_mvt_aobt,10865579238.0,baseline
E19-0,dis_frac20_30m,9578661878.0,e16a
E19-0,month,9267538780.0,baseline
E19-0,queue_rwy,8932702818.0,baseline
E19-0,AIRCRAFT_TYPE_mvt,7794893818.0,baseline
E19-0,hour,5521385098.0,baseline
E19-0,dep_60m,5097583854.0,baseline
E19-0,queue,3751097896.0,baseline
E19-0,dis_frac30_30m,2817704668.0,e16a
E19-0,dis_state_vs_hour,2774854786.0,e16a
E19-0,dis_n_dly20_60m,2019868650.0,e16a
E19-0,dep_15m,1905092520.0,baseline
E19-0,arr_15m,1147354730.0,baseline
E19-0,dep_rwy_15m,772982210.0,baseline
E19-0,arr_delay_mean_30m,593150160.0,e16a
E19-0,dow,500156630.0,baseline
E19-0,MARKET_SEGMENT_flt,301816870.0,baseline
E19-0,WK_TBL_CAT_flt,101334560.0,baseline
E19-0,unmatched,0.0,baseline
E19-0,type_null,0.0,baseline
E19-A,aobt_eobt,68850535352.0,baseline
E19-A,STAND_mvt,64206403012.0,baseline
E19-A,mvt_sched,50809431840.0,baseline
E19-A,RUNWAY_mvt,46205890988.0,baseline
E19-A,AIRCRAFT_OPERATOR_flt,44226136022.0,baseline
E19-A,mvt_aobt,43482852592.0,baseline
E19-A,ADES_mvt,34441829028.0,baseline
E19-A,airport,19323587944.0,baseline
E19-A,geo_mean,12290841974.0,baseline
E19-A,e19_aobt_mean3,11162591948.0,E19-A
E19-A,dis_state_30m,10925680190.0,e16a
E19-A,month,7615880270.0,baseline
E19-A,e19_aobt_p90_5,7398241700.0,E19-A
E19-A,AIRCRAFT_TYPE_mvt,7370843644.0,baseline
E19-A,queue_rwy,7129820416.0,baseline
E19-A,dis_frac20_30m,6441300340.0,e16a
E19-A,e19_ae_med5,5861107912.0,E19-A
E19-A,queue,5644716442.0,baseline
E19-A,hour,5035268418.0,baseline
E19-A,dep_60m,3733021614.0,baseline
E19-A,roll10_mean_mvt_aobt,3298996386.0,baseline
E19-A,e19_sched_mean3,2538583292.0,E19-A
E19-A,e19_gap2,2058520010.0,E19-A
E19-A,dis_state_vs_hour,2003952680.0,e16a
E19-A,dis_frac30_30m,1857755024.0,e16a
E19-A,e19_gap1,1458431050.0,E19-A
E19-A,e19_aobt_p1,1433411636.0,E19-A
E19-A,e19_ae_mean3,1406297884.0,E19-A
E19-A,e19_frac_same_rwy_5,1376297960.0,E19-A
E19-A,e19_gap3,1335119710.0,E19-A
E19-A,arr_15m,1142830336.0,baseline
E19-A,dis_n_dly20_60m,1027026710.0,e16a
E19-A,e19_ae_p1,971775894.0,E19-A
E19-A,dep_15m,944874666.0,baseline
E19-A,e19_frac_same_al_5,802950866.0,E19-A
E19-A,e19_sched_p90_5,730545710.0,E19-A
E19-A,e19_ae_std5,711290050.0,E19-A
E19-A,e19_sched_p1,629415760.0,E19-A
E19-A,e19_n_dly_10,626002510.0,E19-A
E19-A,e19_gap_mean3,504728770.0,E19-A
E19-B,aobt_eobt,68071801700.0,baseline
E19-B,STAND_mvt,61687943170.0,baseline
E19-B,mvt_sched,49799514950.0,baseline
E19-B,AIRCRAFT_OPERATOR_flt,44763826198.0,baseline
E19-B,RUNWAY_mvt,44441831972.0,baseline
E19-B,mvt_aobt,42106248988.0,baseline
E19-B,ADES_mvt,34656847586.0,baseline
E19-B,airport,20983854630.0,baseline
E19-B,geo_mean,11821215174.0,baseline
E19-B,e19_rwy_aobt_mean3,11675679592.0,E19-B
E19-B,dis_state_30m,9611948118.0,e16a
E19-B,e19_rwy_ae_med3,8795129092.0,E19-B
E19-B,AIRCRAFT_TYPE_mvt,8245035780.0,baseline
E19-B,month,7880745906.0,baseline
E19-B,queue_rwy,7226492170.0,baseline
E19-B,dis_frac20_30m,6338614542.0,e16a
E19-B,queue,6193553982.0,baseline
E19-B,e19_rwy_aobt_p90_5,6151351948.0,E19-B
E19-B,dep_60m,5448445382.0,baseline
E19-B,hour,4442077484.0,baseline
E19-B,roll10_mean_mvt_aobt,3770709428.0,baseline
E19-B,e19_rwy_gap1,3018060554.0,E19-B
E19-B,e19_rwy_ae_mean3,2987452160.0,E19-B
E19-B,dis_state_vs_hour,2765510978.0,e16a
E19-B,e19_rwy_aobt_p1,2741435924.0,E19-B
E19-B,e19_rwy_sched_p1,2689245800.0,E19-B
E19-B,e19_rwy_gap2,2374723278.0,E19-B
E19-B,e19_rwy_sched_mean3,2361712586.0,E19-B
E19-B,e19_rwy_ae_p1,2157121490.0,E19-B
E19-B,dis_frac30_30m,1884330130.0,e16a
E19-B,e19_rwy_gap3,1519665900.0,E19-B
E19-B,dis_n_dly20_60m,1196878776.0,e16a
E19-B,arr_15m,1002080510.0,baseline
E19-B,e19_rwy_gap_min5,840888776.0,E19-B
E19-B,dep_15m,739493350.0,baseline
E19-B,e19_rwy_gap_mean3,711247956.0,E19-B
E19-B,e19_rwy_ae_p90_5,526755300.0,E19-B
E19-B,dow,478143360.0,baseline
E19-B,arr_delay_mean_30m,447366350.0,e16a
E19-B,dep_rwy_15m,421921230.0,baseline
E19-C,aobt_eobt,69480609948.0,baseline
E19-C,STAND_mvt,64532589906.0,baseline
E19-C,mvt_aobt,49783086656.0,baseline
E19-C,mvt_sched,49442488036.0,baseline
E19-C,AIRCRAFT_OPERATOR_flt,45605875554.0,baseline
E19-C,RUNWAY_mvt,44781035902.0,baseline
E19-C,ADES_mvt,33589636056.0,baseline
E19-C,airport,19707292226.0,baseline
E19-C,geo_mean,11851340192.0,baseline
E19-C,month,11423847366.0,baseline
E19-C,dis_state_30m,11146104696.0,e16a
E19-C,roll10_mean_mvt_aobt,10507892062.0,baseline
E19-C,AIRCRAFT_TYPE_mvt,7819441574.0,baseline
E19-C,queue_rwy,7081379394.0,baseline
E19-C,e19_shock_med5,6967271250.0,E19-C
E19-C,dis_frac20_30m,6478938744.0,e16a
E19-C,e19_shock_rwy,6436583648.0,E19-C
E19-C,dep_60m,5331977896.0,baseline
E19-C,hour,5114370658.0,baseline
E19-C,queue,4127467334.0,baseline
E19-C,dis_frac30_30m,2872717040.0,e16a
E19-C,dis_state_vs_hour,2354381234.0,e16a
E19-C,dis_n_dly20_60m,1658231886.0,e16a
E19-C,dep_15m,1420502620.0,baseline
E19-C,arr_15m,931852590.0,baseline
E19-C,e19_shock_p1,753752454.0,E19-C
E19-C,e19_shock_mean3,586572840.0,E19-C
E19-C,e19_shock_p90_5,573455350.0,E19-C
E19-C,dep_rwy_15m,567764300.0,baseline
E19-C,arr_delay_mean_30m,459291160.0,e16a
E19-C,dow,435034200.0,baseline
E19-C,MARKET_SEGMENT_flt,245232160.0,baseline
E19-C,unmatched,0.0,baseline
E19-C,type_null,0.0,baseline
E19-C,WK_TBL_CAT_flt,0.0,baseline
E19-D,aobt_eobt,65533691408.0,baseline
E19-D,STAND_mvt,63438342142.0,baseline
E19-D,mvt_sched,51822842004.0,baseline
E19-D,mvt_aobt,51451344914.0,baseline
E19-D,RUNWAY_mvt,45072612162.0,baseline
E19-D,AIRCRAFT_OPERATOR_flt,44095642322.0,baseline
E19-D,ADES_mvt,35642587478.0,baseline
E19-D,airport,18089101486.0,baseline
E19-D,dis_state_30m,16313587774.0,e16a
E19-D,month,13358137776.0,baseline
E19-D,geo_mean,13326798752.0,baseline
E19-D,roll10_mean_mvt_aobt,11277204620.0,baseline
E19-D,AIRCRAFT_TYPE_mvt,8111246792.0,baseline
E19-D,dis_frac20_30m,7787621306.0,e16a
E19-D,queue_rwy,6358598548.0,baseline
E19-D,hour,5832399326.0,baseline
E19-D,queue,4242673590.0,baseline
E19-D,e19_inv_rwy_gap1,3785149872.0,E19-D
E19-D,dep_60m,3236496628.0,baseline
E19-D,dis_frac30_30m,3137168080.0,e16a
E19-D,e19_rwy_dep_5m,2525795864.0,E19-D
E19-D,e19_rwy_dep_30m,2136659830.0,E19-D
E19-D,dis_state_vs_hour,1996004520.0,e16a
E19-D,e19_dep_30m,1962610778.0,E19-D
E19-D,dis_n_dly20_60m,1756096470.0,e16a
E19-D,e19_gap_compression,993123978.0,E19-D
E19-D,e19_rwy_dep_10m,833325552.0,E19-D
E19-D,e19_arr_30m,739119946.0,E19-D
E19-D,arr_delay_mean_30m,575701406.0,e16a
E19-D,e19_rwy_dep_20m,561645270.0,E19-D
E19-D,arr_15m,439178520.0,baseline
E19-D,e19_arr_20m,435744934.0,E19-D
E19-D,dow,400440230.0,baseline
E19-D,e19_inv_gap1,392641806.0,E19-D
E19-D,e19_arr_10m,390634250.0,E19-D
E19-D,MARKET_SEGMENT_flt,386200810.0,baseline
E19-D,e19_dep_5m,299964646.0,E19-D
E19-D,e19_dep_20m,298415000.0,E19-D
E19-D,e19_dep_10m,242314414.0,E19-D
E19-D,e19_arr_5m,154532460.0,E19-D
E19-E,aobt_eobt,73176376052.0,baseline
E19-E,STAND_mvt,64262678442.0,baseline
E19-E,mvt_sched,46162244322.0,baseline
E19-E,AIRCRAFT_OPERATOR_flt,45731940752.0,baseline
E19-E,mvt_aobt,43000859784.0,baseline
E19-E,RUNWAY_mvt,38932911280.0,baseline
E19-E,ADES_mvt,33208760510.0,baseline
E19-E,airport,20581800466.0,baseline
E19-E,geo_mean,11674842426.0,baseline
E19-E,month,8395636638.0,baseline
E19-E,e19_aobt_mean3,8020498560.0,E19-A
E19-E,AIRCRAFT_TYPE_mvt,7680833776.0,baseline
E19-E,dis_state_30m,7679623370.0,e16a
E19-E,dis_frac20_30m,7258040770.0,e16a
E19-E,e19_rwy_ae_med3,6692044522.0,E19-B
E19-E,queue_rwy,5293840438.0,baseline
E19-E,e19_aobt_p90_5,4617462010.0,E19-A
E19-E,queue,4487596488.0,baseline
E19-E,e19_rwy_aobt_mean3,4254591218.0,E19-B
E19-E,e19_rwy_aobt_p90_5,4209176398.0,E19-B
E19-E,hour,4061612168.0,baseline
E19-E,dep_60m,3629152948.0,baseline
E19-E,roll10_mean_mvt_aobt,3617864506.0,baseline
E19-E,e19_rwy_sched_mean3,3247266954.0,E19-B
E19-E,e19_rwy_sched_p1,2437424236.0,E19-B
E19-E,e19_qp_rwyd,2186385888.0,E19-E
E19-E,e19_rwy_ae_mean3,2137110436.0,E19-B
E19-E,e19_rwy_gap1,1995499548.0,E19-B
E19-E,e19_dep_30m,1778146490.0,E19-D
E19-E,e19_shock_rwy,1748946554.0,E19-C
E19-E,dis_state_vs_hour,1740373622.0,e16a
E19-E,e19_qp,1635588044.0,E19-E
E19-E,e19_rwy_dep_30m,1542070394.0,E19-D
E19-E,e19_rwy_gap2,1465898248.0,E19-B
E19-E,dis_frac30_30m,1223849990.0,e16a
E19-E,e19_rwy_gap3,1124734742.0,E19-B
E19-E,e19_rwy_dis_pressure,1096103420.0,E19-E
E19-E,e19_sched_mean3,1058279820.0,E19-A
E19-E,e19_aobt_p1,872223562.0,E19-A
E19-E,e19_gap2,843499538.0,E19-A
E19-F,aobt_eobt,66313234178.0,baseline
E19-F,STAND_mvt,63497897796.0,baseline
E19-F,mvt_sched,48564526072.0,baseline
E19-F,AIRCRAFT_OPERATOR_flt,46962283622.0,baseline
E19-F,mvt_aobt,43208057808.0,baseline
E19-F,RUNWAY_mvt,41723805586.0,baseline
E19-F,ADES_mvt,32613473864.0,baseline
E19-F,airport,20048465642.0,baseline
E19-F,geo_mean,11594315528.0,baseline
E19-F,e19_aobt_mean3,10077987212.0,E19-A
E19-F,month,7754637822.0,baseline
E19-F,dis_state_30m,7595210372.0,e16a
E19-F,dis_frac20_30m,7406083274.0,e16a
E19-F,AIRCRAFT_TYPE_mvt,6941735938.0,baseline
E19-F,e19_rwy_ae_med3,6097303020.0,E19-B
E19-F,queue_rwy,5912337082.0,baseline
E19-F,queue,5414398268.0,baseline
E19-F,hour,4679409934.0,baseline
E19-F,e19_rwy_aobt_p90_5,4537932964.0,E19-B
E19-F,dep_60m,3936012344.0,baseline
E19-F,e19_aobt_p90_5,3524707914.0,E19-A
E19-F,roll10_mean_mvt_aobt,3161543786.0,baseline
E19-F,e19_rwy_aobt_mean3,2683353226.0,E19-B
E19-F,e19_rwy_ae_mean3,2220284198.0,E19-B
E19-F,e19_qp,2150964376.0,E19-E
E19-F,e19_qp_rwyd,2108873972.0,E19-E
E19-F,e19_rwy_sched_p1,1980745988.0,E19-B
E19-F,e19_rwy_sched_mean3,1960696398.0,E19-B
E19-F,e19_rwy_gap2,1948750560.0,E19-B
E19-F,e19_rwy_gap1,1831995132.0,E19-B
E19-F,e19_dep_30m,1803410322.0,E19-D
E19-F,e19_sched_mean3,1640557574.0,E19-A
E19-F,e19_rwy_dep_30m,1627224740.0,E19-D
E19-F,e19_shock_rwy,1474174476.0,E19-C
E19-F,dis_frac30_30m,1447845580.0,e16a
E19-F,e19_rwy_gap3,1203398972.0,E19-B
E19-F,e19_inv_rwy_gap1,1200812162.0,E19-D
E19-F,dis_state_vs_hour,1182037510.0,e16a
E19-F,e19_rwy_aobt_p1,1044990584.0,E19-B
E19-F,e19_rwy_dis_pressure,1014515210.0,E19-E
